TransactionID,CustomerID,TransactionDate,Amount,Merchant,Location,Currency
1,3,2024-01-29 00:00:00,1808.01,Netflix,UK,USD
2,32,2024-03-05 00:00:00,1347.16,Unknown,XX,SGD
3,5,2024-03-10 00:00:00,1536.55,Grab,SG,MYR
4,7,2024-03-19 00:00:00,910.69,Shopee,XX,SGD
5,7,2024-01-04 00:00:00,1702.65,Unknown,US,GBP
6,29,2024-01-30 00:00:00,1006.22,Amazon,XX,MYR
7,5,2024-01-14 00:00:00,1248.71,Unknown,UK,MYR
8,25,2024-02-18 00:00:00,537.24,Shopee,SG,SGD
9,9,2024-01-08 00:00:00,1165.33,Unknown,US,MYR
10,3,2024-04-13 00:00:00,104.75,Amazon,US,SGD
11,4,2024-03-12 00:00:00,1050.65,Netflix,SG,SGD
12,9,2024-03-17 00:00:00,1249.85,Shopee,MY,SGD
13,16,2024-05-21 00:00:00,252.66,Unknown,UK,MYR
14,24,2024-01-24 00:00:00,719.57,Unknown,MY,MYR
15,8,2024-04-04 00:00:00,432.09,Unknown,UK,USD
16,14,2024-02-04 00:00:00,233.37,Grab,XX,SGD
17,19,2024-05-10 00:00:00,1799.27,Netflix,US,MYR
18,13,2024-02-11 00:00:00,834.24,Grab,US,GBP
19,27,2024-01-06 00:00:00,678.97,Unknown,SG,SGD
20,2,2024-02-22 00:00:00,1883.39,Shopee,MY,USD
21,37,2024-02-16 00:00:00,119.89,Unknown,UK,MYR
22,31,2024-04-10 00:00:00,1076.63,Grab,SG,MYR
23,35,2024-04-16 00:00:00,237.79,Lazada,XX,USD
24,29,2024-05-05 00:00:00,1468.5,Amazon,XX,MYR
25,17,2024-03-15 00:00:00,899.58,Unknown,SG,SGD
26,12,2024-03-08 00:00:00,984.49,Lazada,XX,SGD
27,38,2024-03-15 00:00:00,561.2,Unknown,UK,GBP
28,30,2024-03-12 00:00:00,1962.72,Netflix,US,GBP
29,25,2024-04-21 00:00:00,1550.28,Grab,US,GBP
30,22,2024-03-12 00:00:00,1984.02,Unknown,UK,SGD
31,18,2024-01-18 00:00:00,803.65,Lazada,UK,USD
32,14,2024-04-27 00:00:00,1211.18,Shopee,MY,GBP
33,2,2024-03-26 00:00:00,99999.0,Shopee,US,MYR
34,33,2024-03-16 00:00:00,1015.94,Lazada,SG,USD
35,32,2024-05-21 00:00:00,217.95,Netflix,UK,SGD
36,29,2024-01-24 00:00:00,1168.91,Unknown,UK,SGD
37,34,2024-02-23 00:00:00,1875.37,Grab,UK,GBP
38,19,2024-05-15 00:00:00,1780.02,Shopee,MY,GBP
39,7,2024-02-04 00:00:00,750.93,Lazada,XX,MYR
40,33,2024-05-08 00:00:00,1972.43,Netflix,US,GBP
41,13,2024-03-12 00:00:00,491.97,Shopee,MY,MYR
42,33,2024-01-23 00:00:00,1778.96,Shopee,MY,GBP
43,10,2024-02-20 00:00:00,1227.85,Amazon,SG,MYR
44,27,2024-03-18 00:00:00,1805.29,Grab,US,MYR
45,23,2024-03-08 00:00:00,634.39,Unknown,UK,USD
46,27,2024-05-20 00:00:00,1049.85,Unknown,MY,USD
47,29,2024-02-26 00:00:00,1581.32,Amazon,UK,USD
48,17,2024-03-25 00:00:00,1620.17,Shopee,SG,GBP
49,39,2024-02-19 00:00:00,612.56,Unknown,XX,USD
50,7,2024-04-20 00:00:00,981.94,Shopee,US,USD
51,37,2024-02-21 00:00:00,915.7,Shopee,XX,USD
52,9,2024-05-28 00:00:00,1228.57,Shopee,UK,USD
53,19,2024-03-23 00:00:00,1493.1,Unknown,UK,MYR
54,37,2024-03-13 00:00:00,1017.62,Shopee,US,MYR
55,12,2024-01-29 00:00:00,890.99,Grab,MY,MYR
56,7,2024-01-14 00:00:00,1952.14,Lazada,UK,SGD
57,13,2024-02-24 00:00:00,1643.52,Netflix,MY,USD
58,29,2024-05-30 00:00:00,1266.88,Amazon,MY,GBP
59,7,2024-04-18 00:00:00,63.74,Unknown,XX,USD
60,19,2024-01-25 00:00:00,214.7,Shopee,XX,MYR
61,37,2024-03-08 00:00:00,1951.7,Shopee,UK,MYR
62,35,2024-01-13 00:00:00,1943.36,Netflix,XX,MYR
63,27,2024-04-18 00:00:00,214.29,Amazon,UK,MYR
64,32,2024-02-24 00:00:00,1259.81,Grab,SG,GBP
65,9,2024-03-13 00:00:00,1493.81,Lazada,UK,GBP
66,3,2024-04-10 00:00:00,1605.87,Lazada,MY,MYR
67,8,2024-01-11 00:00:00,160.91,Shopee,MY,MYR
68,7,2024-05-01 00:00:00,163.51,Netflix,UK,SGD
69,1,2024-04-13 00:00:00,1103.5,Amazon,XX,GBP
70,22,2024-04-15 00:00:00,151.8,Grab,MY,USD
71,28,2024-04-13 00:00:00,1513.65,Netflix,MY,USD
72,38,2024-02-03 00:00:00,772.7,Netflix,UK,USD
73,13,2024-05-29 00:00:00,1868.8,Lazada,XX,MYR
74,4,2024-01-12 00:00:00,726.89,Unknown,MY,USD
75,7,2024-02-11 00:00:00,1099.34,Shopee,MY,MYR
76,7,2024-01-19 00:00:00,862.38,Grab,SG,SGD
77,29,2024-04-20 00:00:00,818.09,Unknown,XX,SGD
78,30,2024-02-24 00:00:00,1813.58,Amazon,XX,MYR
79,22,2024-04-02 00:00:00,693.04,Grab,UK,SGD
80,30,2024-03-03 00:00:00,1254.47,Netflix,SG,GBP
81,30,2024-03-11 00:00:00,950.54,Grab,XX,MYR
82,19,2024-05-14 00:00:00,818.29,Grab,UK,SGD
83,31,2024-03-06 00:00:00,826.59,Grab,XX,MYR
84,27,2024-04-22 00:00:00,704.03,Netflix,MY,MYR
85,8,2024-02-19 00:00:00,707.04,Unknown,MY,SGD
86,32,2024-04-11 00:00:00,1889.82,Lazada,US,GBP
87,22,2024-01-02 00:00:00,1034.36,Lazada,US,USD
88,5,2024-05-30 00:00:00,939.13,Shopee,MY,MYR
89,31,2024-05-14 00:00:00,1645.52,Amazon,SG,MYR
90,39,2024-01-11 00:00:00,1976.77,Grab,US,MYR
91,3,2024-05-18 00:00:00,1559.22,Grab,MY,MYR
92,2,2024-02-16 00:00:00,1930.62,Netflix,UK,SGD
93,11,2024-01-24 00:00:00,379.09,Netflix,US,MYR
94,17,2024-05-15 00:00:00,953.05,Netflix,UK,SGD
95,25,2024-04-24 00:00:00,942.53,Netflix,MY,GBP
96,21,2024-04-24 00:00:00,1208.54,Amazon,US,MYR
97,5,2024-01-10 00:00:00,1304.64,Unknown,XX,GBP
98,25,2024-02-22 00:00:00,892.73,Netflix,XX,GBP
99,39,2024-05-01 00:00:00,1615.98,Unknown,MY,MYR
100,22,2024-05-12 00:00:00,1358.52,Amazon,UK,GBP
101,31,2024-01-16 00:00:00,73.32,Grab,MY,USD
102,22,2024-05-10 00:00:00,585.8,Grab,SG,GBP
103,6,2024-03-01 00:00:00,283.27,Amazon,MY,SGD
104,28,2024-02-29 00:00:00,1506.44,Netflix,SG,SGD
105,5,2024-03-15 00:00:00,1451.08,Amazon,SG,USD
106,16,2024-02-05 00:00:00,1062.03,Amazon,US,GBP
107,23,2024-02-15 00:00:00,1023.96,Amazon,XX,MYR
108,26,2024-01-10 00:00:00,1768.84,Amazon,MY,GBP
109,27,2024-05-29 00:00:00,920.7,Grab,SG,SGD
110,15,2024-01-11 00:00:00,416.41,Unknown,US,GBP
111,17,2024-01-19 00:00:00,512.17,Shopee,UK,USD
112,14,2024-03-24 00:00:00,1640.16,Shopee,XX,SGD
113,13,2024-02-22 00:00:00,1533.25,Grab,MY,GBP
114,33,2024-03-02 00:00:00,735.55,Grab,US,MYR
115,25,2024-03-21 00:00:00,729.71,Netflix,UK,SGD
116,13,2024-03-10 00:00:00,568.66,Netflix,US,USD
117,24,2024-04-26 00:00:00,1737.28,Unknown,US,SGD
118,13,2024-02-21 00:00:00,457.95,Lazada,SG,GBP
119,33,2024-03-15 00:00:00,1196.74,Netflix,UK,GBP
120,2,2024-02-19 00:00:00,1340.55,Unknown,SG,MYR
121,11,2024-03-15 00:00:00,43.61,Amazon,US,USD
122,40,2024-01-23 00:00:00,239.42,Shopee,XX,USD
123,3,2024-05-24 00:00:00,1296.25,Grab,UK,GBP
124,30,2024-01-03 00:00:00,202.36,Unknown,XX,SGD
125,10,2024-05-21 00:00:00,1564.76,Shopee,US,USD
126,21,2024-01-28 00:00:00,1475.01,Grab,XX,MYR
127,22,2024-04-24 00:00:00,265.12,Shopee,UK,SGD
128,2,2024-02-14 00:00:00,1014.05,Lazada,US,GBP
129,17,2024-04-21 00:00:00,1854.04,Grab,US,MYR
130,29,2024-04-23 00:00:00,661.86,Netflix,UK,GBP
131,29,2024-04-16 00:00:00,1101.7,Unknown,XX,SGD
132,20,2024-05-14 00:00:00,1244.47,Amazon,MY,MYR
133,12,2024-05-06 00:00:00,1398.1,Shopee,US,MYR
134,21,2024-02-04 00:00:00,1541.49,Amazon,XX,USD
135,8,2024-01-18 00:00:00,570.47,Amazon,US,USD
136,13,2024-02-20 00:00:00,1034.17,Shopee,XX,USD
137,36,2024-01-22 00:00:00,238.43,Unknown,US,SGD
138,12,2024-02-15 00:00:00,1974.4,Grab,MY,MYR
139,40,2024-02-05 00:00:00,801.62,Netflix,SG,SGD
140,25,2024-04-05 00:00:00,783.64,Lazada,XX,GBP
141,14,2024-04-16 00:00:00,1839.05,Lazada,SG,GBP
142,37,2024-03-31 00:00:00,1667.37,Lazada,SG,MYR
143,40,2024-01-24 00:00:00,1739.63,Netflix,XX,GBP
144,29,2024-02-26 00:00:00,790.5,Netflix,US,GBP
145,15,2024-01-16 00:00:00,845.86,Unknown,XX,MYR
146,1,2024-02-15 00:00:00,1133.66,Shopee,MY,GBP
147,28,2024-02-25 00:00:00,1650.16,Amazon,UK,MYR
148,38,2024-05-22 00:00:00,1582.07,Netflix,UK,USD
149,19,2024-03-16 00:00:00,1344.64,Grab,UK,MYR
